{"cameraMode":{"drawMode":0,"name":"Shaded","section":"Shading Mode"},"sceneLighting":true,"audioPlay":false,"sceneViewState":{"showFog":true,"showMaterialUpdate":false,"showSkybox":true,"showFlares":true,"showImageEffects":true,"showParticleSystems":true},"in2DMode":false,"pivot":{"x":-0.9699999094009399,"y":0.2999999523162842,"z":6.539999961853027},"rotation":{"x":-0.2507658302783966,"y":0.08262685686349869,"z":-0.021583160385489465,"w":-0.9643464088439941},"size":5.250889778137207,"orthographic":false}