{"cameraMode":{"drawMode":0,"name":"Shaded","section":"Shading Mode"},"sceneLighting":true,"audioPlay":false,"sceneViewState":{"showFog":true,"showMaterialUpdate":false,"showSkybox":true,"showFlares":true,"showImageEffects":true,"showParticleSystems":true},"in2DMode":false,"pivot":{"x":2.994546413421631,"y":0.1327986717224121,"z":10.18980598449707},"rotation":{"x":0.1393817514181137,"y":-0.6948971748352051,"z":0.14009572565555573,"w":0.6915693879127502},"size":2.032078504562378,"orthographic":false}