{"cameraMode":{"drawMode":0,"name":"Shaded","section":"Shading Mode"},"sceneLighting":true,"audioPlay":false,"sceneViewState":{"showFog":true,"showMaterialUpdate":false,"showSkybox":true,"showFlares":true,"showImageEffects":true,"showParticleSystems":true},"in2DMode":false,"pivot":{"x":-0.9699999094009399,"y":0.2999999523162842,"z":6.539999961853027},"rotation":{"x":0.2507016956806183,"y":-0.08465032279491425,"z":0.022083530202507974,"w":0.9641270041465759},"size":4.365242958068848,"orthographic":false}