{"cameraMode":{"drawMode":0,"name":"Shaded","section":"Shading Mode"},"sceneLighting":true,"audioPlay":false,"sceneViewState":{"showFog":true,"showMaterialUpdate":false,"showSkybox":true,"showFlares":true,"showImageEffects":true,"showParticleSystems":true},"in2DMode":false,"pivot":{"x":0.1642204225063324,"y":1.2097715139389039,"z":3.7977981567382814},"rotation":{"x":-0.2656172811985016,"y":-0.09899115562438965,"z":0.027429716661572458,"w":-0.9585907459259033},"size":56.863365173339847,"orthographic":false}