{"cameraMode":{"drawMode":0,"name":"Shaded","section":"Shading Mode"},"sceneLighting":true,"audioPlay":false,"sceneViewState":{"showFog":true,"showMaterialUpdate":false,"showSkybox":true,"showFlares":true,"showImageEffects":true,"showParticleSystems":true},"in2DMode":false,"pivot":{"x":-37.477210998535159,"y":12.294716835021973,"z":-0.6627475023269653},"rotation":{"x":0.29565924406051638,"y":0.6465392112731934,"z":-0.30068880319595339,"w":0.6357538104057312},"size":64.23540496826172,"orthographic":false}