{"cameraMode":{"drawMode":0,"name":"Shaded","section":"Shading Mode"},"sceneLighting":true,"audioPlay":false,"sceneViewState":{"showFog":true,"showMaterialUpdate":false,"showSkybox":true,"showFlares":true,"showImageEffects":true,"showParticleSystems":true},"in2DMode":false,"pivot":{"x":387.91400146484377,"y":-787.496826171875,"z":1190.0545654296875},"rotation":{"x":0.2955451011657715,"y":0.18924780189990998,"z":-0.05985841527581215,"w":0.9344937205314636},"size":1455.970947265625,"orthographic":false}