{"cameraMode":{"drawMode":0,"name":"Shaded","section":"Shading Mode"},"sceneLighting":false,"audioPlay":false,"sceneViewState":{"showFog":true,"showMaterialUpdate":false,"showSkybox":false,"showFlares":true,"showImageEffects":true,"showParticleSystems":true},"in2DMode":false,"pivot":{"x":0.6724729537963867,"y":0.549651026725769,"z":38.33727264404297},"rotation":{"x":-0.3623565435409546,"y":0.00894575472921133,"z":-0.003471426898613572,"w":-0.9319977164268494},"size":22.863069534301759,"orthographic":false}