{"cameraMode":{"drawMode":0,"name":"Shaded","section":"Shading Mode"},"sceneLighting":false,"audioPlay":false,"sceneViewState":{"showFog":true,"showMaterialUpdate":false,"showSkybox":false,"showFlares":true,"showImageEffects":true,"showParticleSystems":true},"in2DMode":false,"pivot":{"x":0.059856660664081576,"y":5.070249557495117,"z":0.04528723284602165},"rotation":{"x":0.22753730416297913,"y":-0.04642222821712494,"z":0.010836305096745491,"w":0.9726125597953796},"size":20.599210739135743,"orthographic":false}