{"cameraMode":{"drawMode":0,"name":"Shaded","section":"Shading Mode"},"sceneLighting":false,"audioPlay":false,"sceneViewState":{"showFog":true,"showMaterialUpdate":false,"showSkybox":false,"showFlares":true,"showImageEffects":true,"showParticleSystems":true},"in2DMode":false,"pivot":{"x":-6.960000038146973,"y":0.2999999523162842,"z":5.559999942779541},"rotation":{"x":-0.3623565435409546,"y":0.00894575472921133,"z":-0.003471426898613572,"w":-0.9319977164268494},"size":17.80372428894043,"orthographic":false}