{"cameraMode":{"drawMode":0,"name":"Shaded","section":"Shading Mode"},"sceneLighting":false,"audioPlay":false,"sceneViewState":{"showFog":true,"showMaterialUpdate":false,"showSkybox":false,"showFlares":true,"showImageEffects":true,"showParticleSystems":true},"in2DMode":false,"pivot":{"x":0.9313125610351563,"y":0.6569023132324219,"z":7.470136642456055},"rotation":{"x":-0.14527976512908936,"y":-0.014250214211642743,"z":0.0021000313572585584,"w":-0.9892926216125488},"size":11.35920238494873,"orthographic":false}