{"cameraMode":{"drawMode":0,"name":"Shaded","section":"Shading Mode"},"sceneLighting":false,"audioPlay":false,"sceneViewState":{"showFog":true,"showMaterialUpdate":false,"showSkybox":false,"showFlares":true,"showImageEffects":true,"showParticleSystems":true},"in2DMode":false,"pivot":{"x":2.406538486480713,"y":1.7246730327606202,"z":0.0},"rotation":{"x":-0.12146870791912079,"y":0.025900421664118768,"z":-0.0031642992980778219,"w":-0.9922598004341126},"size":5.974196910858154,"orthographic":false}