{"cameraMode":{"drawMode":0,"name":"Shaded","section":"Shading Mode"},"sceneLighting":false,"audioPlay":false,"sceneViewState":{"showFog":true,"showMaterialUpdate":false,"showSkybox":false,"showFlares":true,"showImageEffects":true,"showParticleSystems":true},"in2DMode":false,"pivot":{"x":-42.07304763793945,"y":4.605349540710449,"z":116.72203063964844},"rotation":{"x":-0.12146870791912079,"y":0.025900421664118768,"z":-0.0031642992980778219,"w":-0.9922598004341126},"size":32.18883514404297,"orthographic":false}