{"cameraMode":{"drawMode":0,"name":"Shaded","section":"Shading Mode"},"sceneLighting":false,"audioPlay":false,"sceneViewState":{"showFog":true,"showMaterialUpdate":false,"showSkybox":false,"showFlares":true,"showImageEffects":true,"showParticleSystems":true},"in2DMode":false,"pivot":{"x":-0.25,"y":4.099999904632568,"z":118.44999694824219},"rotation":{"x":-0.11019810289144516,"y":-0.10123417526483536,"z":0.0112812714651227,"w":-0.988690197467804},"size":236.58885192871095,"orthographic":false}