{"cameraMode":{"drawMode":0,"name":"Shaded","section":"Shading Mode"},"sceneLighting":true,"audioPlay":false,"sceneViewState":{"showFog":true,"showMaterialUpdate":false,"showSkybox":true,"showFlares":true,"showImageEffects":true,"showParticleSystems":true},"in2DMode":false,"pivot":{"x":-0.31359079480171206,"y":-0.12899595499038697,"z":-3.2675046920776369},"rotation":{"x":0.010491371154785157,"y":0.9881468415260315,"z":-0.13119827210903169,"w":0.07901841402053833},"size":11.640769004821778,"orthographic":false}