{"cameraMode":{"drawMode":0,"name":"Shaded","section":"Shading Mode"},"sceneLighting":true,"audioPlay":false,"sceneViewState":{"showFog":true,"showMaterialUpdate":false,"showSkybox":true,"showFlares":true,"showImageEffects":true,"showParticleSystems":true},"in2DMode":false,"pivot":{"x":-0.38748347759246828,"y":0.42922157049179079,"z":1.1718010902404786},"rotation":{"x":0.0014894193736836315,"y":0.8938343524932861,"z":-0.002956308191642165,"w":0.4484134912490845},"size":5.333619117736816,"orthographic":false}