{"cameraMode":{"drawMode":0,"name":"Shaded","section":"Shading Mode"},"sceneLighting":false,"audioPlay":false,"sceneViewState":{"showFog":true,"showMaterialUpdate":false,"showSkybox":false,"showFlares":true,"showImageEffects":true,"showParticleSystems":true},"in2DMode":false,"pivot":{"x":-43.99447250366211,"y":0.4781007766723633,"z":125.25015258789063},"rotation":{"x":-0.11019810289144516,"y":-0.10123417526483536,"z":0.0112812714651227,"w":-0.988690197467804},"size":27.311376571655275,"orthographic":false}