{"cameraMode":{"drawMode":0,"name":"Shaded","section":"Shading Mode"},"sceneLighting":false,"audioPlay":false,"sceneViewState":{"showFog":true,"showMaterialUpdate":false,"showSkybox":false,"showFlares":true,"showImageEffects":true,"showParticleSystems":true},"in2DMode":false,"pivot":{"x":-46.75445556640625,"y":2.1749730110168459,"z":128.68409729003907},"rotation":{"x":-0.12819020450115205,"y":-0.0832424983382225,"z":0.010804008692502976,"w":-0.9882073998451233},"size":32.275291442871097,"orthographic":false}