{"cameraMode":{"drawMode":0,"name":"Shaded","section":"Shading Mode"},"sceneLighting":true,"audioPlay":false,"sceneViewState":{"showFog":false,"showMaterialUpdate":false,"showSkybox":true,"showFlares":true,"showImageEffects":true,"showParticleSystems":true},"in2DMode":false,"pivot":{"x":-15.17352294921875,"y":10.376953125,"z":61.87855529785156},"rotation":{"x":-0.1707676351070404,"y":-0.5804413557052612,"z":0.12608860433101655,"w":-0.7861530780792236},"size":46.84595489501953,"orthographic":false}