{"cameraMode":{"drawMode":0,"name":"Shaded","section":"Shading Mode"},"sceneLighting":true,"audioPlay":false,"sceneViewState":{"showFog":true,"showMaterialUpdate":false,"showSkybox":true,"showFlares":true,"showImageEffects":true,"showParticleSystems":true},"in2DMode":false,"pivot":{"x":37.968528747558597,"y":-5.924893856048584,"z":82.51558685302735},"rotation":{"x":0.5832899808883667,"y":-0.00853198766708374,"z":0.006128479260951281,"w":0.8122023344039917},"size":22.322782516479493,"orthographic":false}