{"cameraMode":{"drawMode":0,"name":"Shaded","section":"Shading Mode"},"sceneLighting":true,"audioPlay":false,"sceneViewState":{"showFog":false,"showMaterialUpdate":false,"showSkybox":true,"showFlares":true,"showImageEffects":true,"showParticleSystems":true},"in2DMode":false,"pivot":{"x":6.188422203063965,"y":0.32320436835289,"z":97.26571655273438},"rotation":{"x":-0.1707676351070404,"y":-0.5804413557052612,"z":0.12608860433101655,"w":-0.7861530780792236},"size":2.646752119064331,"orthographic":false}