{"cameraMode":{"drawMode":0,"name":"Shaded","section":"Shading Mode"},"sceneLighting":true,"audioPlay":false,"sceneViewState":{"showFog":true,"showMaterialUpdate":false,"showSkybox":true,"showFlares":true,"showImageEffects":true,"showParticleSystems":true},"in2DMode":false,"pivot":{"x":-23.124330520629884,"y":6.8294291496276859,"z":108.73694610595703},"rotation":{"x":-0.5258874893188477,"y":-0.010973876342177391,"z":0.006785718724131584,"w":-0.8504564762115479},"size":92.45035552978516,"orthographic":false}