{"cameraMode":{"drawMode":0,"name":"Shaded","section":"Shading Mode"},"sceneLighting":true,"audioPlay":false,"sceneViewState":{"showFog":true,"showMaterialUpdate":false,"showSkybox":true,"showFlares":true,"showImageEffects":true,"showParticleSystems":true},"in2DMode":false,"pivot":{"x":0.5723891854286194,"y":3.585949182510376,"z":4.848210334777832},"rotation":{"x":0.3870173394680023,"y":0.08061151206493378,"z":-0.033987876027822497,"w":0.9179152846336365},"size":35.42103576660156,"orthographic":false}