{"cameraMode":{"drawMode":0,"name":"Shaded","section":"Shading Mode"},"sceneLighting":true,"audioPlay":false,"sceneViewState":{"showFog":true,"showMaterialUpdate":false,"showSkybox":true,"showFlares":true,"showImageEffects":true,"showParticleSystems":true},"in2DMode":false,"pivot":{"x":1.4000015258789063,"y":2.8199963569641115,"z":89.89999389648438},"rotation":{"x":-0.20400170981884004,"y":0.5969217419624329,"z":-0.16039828956127168,"w":-0.7591832876205444},"size":59.119529724121097,"orthographic":false}