{"cameraMode":{"drawMode":0,"name":"Shaded","section":"Shading Mode"},"sceneLighting":true,"audioPlay":false,"sceneViewState":{"showFog":false,"showMaterialUpdate":false,"showSkybox":true,"showFlares":true,"showImageEffects":true,"showParticleSystems":true},"in2DMode":false,"pivot":{"x":-6.808865547180176,"y":-4.340353488922119,"z":-1.136570692062378},"rotation":{"x":-0.15377973020076753,"y":0.8100078701972961,"z":-0.24393203854560853,"w":-0.5106421709060669},"size":12.286030769348145,"orthographic":false}