{"cameraMode":{"drawMode":0,"name":"Shaded","section":"Shading Mode"},"sceneLighting":true,"audioPlay":false,"sceneViewState":{"showFog":true,"showMaterialUpdate":false,"showSkybox":true,"showFlares":true,"showImageEffects":true,"showParticleSystems":true},"in2DMode":false,"pivot":{"x":-42.11629104614258,"y":6.364477634429932,"z":109.52545928955078},"rotation":{"x":-0.20400170981884004,"y":0.5969217419624329,"z":-0.16039828956127168,"w":-0.7591832876205444},"size":0.7668077349662781,"orthographic":false}